participant_id	age	sex	study
sub-cassette00	n/a	n/a	cassette
sub-cassette01	n/a	n/a	cassette
sub-cassette02	n/a	n/a	cassette
sub-cassette03	n/a	n/a	cassette
sub-cassette04	n/a	n/a	cassette
sub-cassette05	n/a	n/a	cassette
sub-cassette06	n/a	n/a	cassette
sub-cassette07	n/a	n/a	cassette
sub-cassette08	n/a	n/a	cassette
sub-cassette09	n/a	n/a	cassette
sub-cassette10	n/a	n/a	cassette
sub-cassette11	n/a	n/a	cassette
sub-cassette12	n/a	n/a	cassette
sub-cassette13	n/a	n/a	cassette
sub-cassette14	n/a	n/a	cassette
sub-cassette15	n/a	n/a	cassette
sub-cassette16	n/a	n/a	cassette
sub-cassette17	n/a	n/a	cassette
sub-cassette18	n/a	n/a	cassette
sub-cassette19	n/a	n/a	cassette
sub-cassette20	n/a	n/a	cassette
sub-cassette21	n/a	n/a	cassette
sub-cassette22	n/a	n/a	cassette
sub-cassette23	n/a	n/a	cassette
sub-cassette24	n/a	n/a	cassette
sub-cassette25	n/a	n/a	cassette
sub-cassette26	n/a	n/a	cassette
sub-cassette27	n/a	n/a	cassette
sub-cassette28	n/a	n/a	cassette
sub-cassette29	n/a	n/a	cassette
sub-cassette30	n/a	n/a	cassette
sub-cassette31	n/a	n/a	cassette
sub-cassette32	n/a	n/a	cassette
sub-cassette33	n/a	n/a	cassette
sub-cassette34	n/a	n/a	cassette
sub-cassette35	n/a	n/a	cassette
sub-cassette36	n/a	n/a	cassette
sub-cassette37	n/a	n/a	cassette
sub-cassette38	n/a	n/a	cassette
sub-cassette40	n/a	n/a	cassette
sub-cassette41	n/a	n/a	cassette
sub-cassette42	n/a	n/a	cassette
sub-cassette43	n/a	n/a	cassette
sub-cassette44	n/a	n/a	cassette
sub-cassette45	n/a	n/a	cassette
sub-cassette46	n/a	n/a	cassette
sub-cassette47	n/a	n/a	cassette
sub-cassette48	n/a	n/a	cassette
sub-cassette49	n/a	n/a	cassette
sub-cassette50	n/a	n/a	cassette
sub-cassette51	n/a	n/a	cassette
sub-cassette52	n/a	n/a	cassette
sub-cassette53	n/a	n/a	cassette
sub-cassette54	n/a	n/a	cassette
sub-cassette55	n/a	n/a	cassette
sub-cassette56	n/a	n/a	cassette
sub-cassette57	n/a	n/a	cassette
sub-cassette58	n/a	n/a	cassette
sub-cassette59	n/a	n/a	cassette
sub-cassette60	n/a	n/a	cassette
sub-cassette61	n/a	n/a	cassette
sub-cassette62	n/a	n/a	cassette
sub-cassette63	n/a	n/a	cassette
sub-cassette64	n/a	n/a	cassette
sub-cassette65	n/a	n/a	cassette
sub-cassette66	n/a	n/a	cassette
sub-cassette67	n/a	n/a	cassette
sub-cassette70	n/a	n/a	cassette
sub-cassette71	n/a	n/a	cassette
sub-cassette72	n/a	n/a	cassette
sub-cassette73	n/a	n/a	cassette
sub-cassette74	n/a	n/a	cassette
sub-cassette75	n/a	n/a	cassette
sub-cassette76	n/a	n/a	cassette
sub-cassette77	n/a	n/a	cassette
sub-cassette80	n/a	n/a	cassette
sub-cassette81	n/a	n/a	cassette
sub-cassette82	n/a	n/a	cassette
sub-telemetry01	n/a	n/a	telemetry
sub-telemetry02	n/a	n/a	telemetry
sub-telemetry04	n/a	n/a	telemetry
sub-telemetry05	n/a	n/a	telemetry
sub-telemetry06	n/a	n/a	telemetry
sub-telemetry07	n/a	n/a	telemetry
sub-telemetry08	n/a	n/a	telemetry
sub-telemetry09	n/a	n/a	telemetry
sub-telemetry10	n/a	n/a	telemetry
sub-telemetry11	n/a	n/a	telemetry
sub-telemetry12	n/a	n/a	telemetry
sub-telemetry13	n/a	n/a	telemetry
sub-telemetry14	n/a	n/a	telemetry
sub-telemetry15	n/a	n/a	telemetry
sub-telemetry16	n/a	n/a	telemetry
sub-telemetry17	n/a	n/a	telemetry
sub-telemetry18	n/a	n/a	telemetry
sub-telemetry19	n/a	n/a	telemetry
sub-telemetry20	n/a	n/a	telemetry
sub-telemetry21	n/a	n/a	telemetry
sub-telemetry22	n/a	n/a	telemetry
sub-telemetry24	n/a	n/a	telemetry
